"chakra-text 4","chakra-text 5","chakra-text 6","chakra-text 7","chakra-text 8","chakra-text 9","chakra-text 10","chakra-text 14","chakra-text 16"
"د","ط","و","D","T","U","10","2025-03-17","19500"
"م","ل","ح","Z","L","J","472","2025-03-17","على السوم"
"ق","ح","ط","G","J","T","980","2025-03-17","24500"
"ل","و","ل","L","U","L","708","2025-03-17","23000"
"هـ","ى","م","H","V","Z","290","2025-03-17","15000"
"ق","م","ر","G","Z","R","540","2025-03-17","32000"
"هـ","د","د","H","D","D","408","2025-03-17","على السوم"
"ر","هـ","ل","R","H","L","1239","2025-03-17","5000"
"ر","ص","هـ","R","X","H","222","2025-03-17","على السوم"
"ح","ع","ح","J","E","J","555","2025-03-17","على السوم"
"ر","ط","د","R","T","D","6737","2025-03-17","على السوم"
"ل","ل","ط","L","L","T","11","2025-03-17","على السوم"
"هـ","ل","ى","H","L","V","665","2025-03-17","10000"
"ق","ر","م","G","R","Z","966","2025-03-17","50000"
"ع","ل","س","E","L","S","815","2025-03-17","على السوم"
"س","ب","ع","S","B","E","8381","2025-03-17","12000"
"ب","ح","م","B","J","Z","3399","2025-03-17","على السوم"
"ح","ل","أ","J","L","A","6424","2025-03-17","على السوم"
"ر","ص","س","R","X","S","9699","2025-03-17","على السوم"
"و","ل","ى","U","L","V","644","2025-03-17","على السوم"
"ط","ك","ص","T","K","X","1","2025-03-17","320000"
"ص","ع","ى","X","E","V","111","2025-03-17","35000"
"ر","ك","ن","R","K","N","992","2025-03-17","22000"
"ع","ن","د","E","N","D","82","2025-03-17","على السوم"
"ع","م","ر","E","Z","R","569","2025-03-17","على السوم"
"ن","ن","ن","N","N","N","191","2025-03-17","على السوم"
"ع","ن","د","E","N","D","858","2025-03-17","على السوم"
"م","ح","ق","Z","J","G","9","2025-03-17","على السوم"
"م","د","ع","Z","D","E","6","2025-03-17","على السوم"
"ك","ى","ى","K","V","V","444","2025-03-17","على السوم"
"د","ل","ق","D","L","G","73","2025-03-17","12000"
"ل","م","و","L","Z","U","66","2025-03-17","66000"
"د","ل","و","D","L","U","67","2025-03-17","28000"
"ن","م","س","N","Z","S","9","2025-03-17","135000"
"هـ","د","ى","H","D","V","505","2025-03-17","70000"
"ص","ل","م","X","L","Z","9","2025-03-17","73000"
"س","س","هـ","S","S","H","55","2025-03-17","42000"
"س","هـ","م","S","H","Z","700","2025-03-17","85000"
"س","ح","ر","S","J","R","0","2025-03-17","400000"
"ى","ع","أ","V","E","A","57","2025-03-17","10000"
"ر","ح","ب","R","J","B","7394","2025-03-17","1600"
"أ","ح","ر","A","J","R","1112","2025-03-17","على السوم"
"أ","أ","أ","A","A","A","7044","2025-03-17","على السوم"
"ن","ن","ن","N","N","N","356","2025-03-17","على السوم"
"د","ب","ل","D","B","L","6076","2025-03-17","على السوم"
"ر","د","ب","R","D","B","4267","2025-03-17","على السوم"
"س","ب","ع","S","B","E","5558","2025-03-17","على السوم"
"ر","ب","ل","R","B","L","3333","2025-03-17","على السوم"
"ر","و","ح","R","U","J","54","2025-03-17","35000"
"د","م","ط","D","Z","T","252","2025-03-17","على السوم"
"د","هـ","ب","D","H","B","9600","2025-03-17","3300"
"ك","و","ع","K","U","E","507","2025-03-17","على السوم"
"ب","أ","ق","B","A","G","7797","2025-03-17","على السوم"
"ن","و","ن","N","U","N","212","2025-03-17","30000"
"و","و","ص","U","U","X","500","2025-03-17","على السوم"
"ح","ص","هـ","J","X","H","77","2025-03-17","200000"
"ن","ق","ب","N","G","B","5","2025-03-17","75000"
"ح","ق","هـ","J","G","H","9898","2025-03-17","على السوم"
"ر","أ","ن","R","A","N","3","2025-03-17","30000"
"أ","أ","ن","A","A","N","300","2025-03-17","14000"
"ب","س","س","B","S","S","4316","2025-03-16","على السوم"
"ع","و","د","E","U","D","302","2025-03-16","22000"
"ى","أ","ق","V","A","G","57","2025-03-16","على السوم"
"س","ك","ر","S","K","R","598","2025-03-16","على السوم"
"ر","و","و","R","U","U","2030","2025-03-16","7500"
"ر","هـ","م","R","H","Z","9888","2025-03-16","4500"
"ر","هـ","م","R","H","Z","9777","2025-03-16","4500"
"ر","هـ","م","R","H","Z","1400","2025-03-16","4500"
"د","ح","م","D","J","Z","350","2025-03-16","30000"
"د","ص","ن","D","X","N","111","2025-03-16","على السوم"
"د","س","م","D","S","Z","2036","2025-03-16","على السوم"
"ب","ع","ق","B","E","G","222","2025-03-16","19500"
"م","ن","و","Z","N","U","776","2025-03-16","17000"
"و","ط","ح","U","T","J","205","2025-03-16","على السوم"
"هـ","هـ","ن","H","H","N","25","2025-03-16","19000"
"ب","ب","ب","B","B","B","3302","2025-03-16","على السوم"
"س","ك","ى","S","K","V","422","2025-03-16","على السوم"
"أ","هـ","م","A","H","Z","9911","2025-03-16","على السوم"
"ل","ع","ع","L","E","E","12","2025-03-16","25000"
"م","ى","ى","Z","V","V","47","2025-03-16","30000"
"م","و","ن","Z","U","N","113","2025-03-16","18000"
"ق","م","ر","G","Z","R","406","2025-03-16","28000"
"ن","ن","ن","N","N","N","408","2025-03-16","30000"
"ح","م","ر","J","Z","R","35","2025-03-16","35000"
"ص","ن","و","X","N","U","33","2025-03-16","22000"
"ق","ق","م","G","G","Z","98","2025-03-16","على السوم"
"أ","د","ق","A","D","G","9000","2025-03-16","3000"
"و","ق","ص","U","G","X","838","2025-03-16","على السوم"
"ى","ق","ص","V","G","X","490","2025-03-16","4000"
"ق","ل","م","G","L","Z","470","2025-03-16","على السوم"
"أ","ح","س","A","J","S","9400","2025-03-16","على السوم"
"ط","ك","ص","T","K","X","3","2025-03-16","63000"
"ع","أ","د","E","A","D","32","2025-03-16","على السوم"
"ل","هـ","ق","L","H","G","22","2025-03-16","23000"
"ح","ح","ح","J","J","J","6572","2025-03-16","6000"
"م","ى","ى","Z","V","V","167","2025-03-16","13000"
"ن","ب","ق","N","B","G","707","2025-03-16","على السوم"
"ب","ل","ل","B","L","L","1116","2025-03-16","على السوم"
"د","س","هـ","D","S","H","3132","2025-03-16","على السوم"
"أ","ر","ب","A","R","B","75","2025-03-16","15000"
"ر","ر","ع","R","R","E","9010","2025-03-16","على السوم"
"ب","ص","ب","B","X","B","511","2025-03-16","على السوم"
"ب","أ","ق","B","A","G","7797","2025-03-16","على السوم"
"أ","ر","ر","A","R","R","9993","2025-03-16","6000"
"د","ل","د","D","L","D","1322","2025-03-16","على السوم"
"ر","هـ","ع","R","H","E","7727","2025-03-16","على السوم"
"ص","د","ص","X","D","X","2","2025-03-16","200000"
"ح","م","م","J","Z","Z","8222","2025-03-16","على السوم"
"ح","ر","ر","J","R","R","3444","2025-03-16","7000"
"م","ب","س","Z","B","S","919","2025-03-16","على السوم"
"ص","ص","ق","X","X","G","395","2025-03-16","على السوم"
"ر","ن","ق","R","N","G","2024","2025-03-16","10000"
"ر","ب","د","R","B","D","2772","2025-03-16","على السوم"
"د","ع","د","D","E","D","8238","2025-03-16","على السوم"
"ط","ل","ط","T","L","T","97","2025-03-16","على السوم"
"م","ى","ى","Z","V","V","224","2025-03-16","20000"
"هـ","هـ","ق","H","H","G","37","2025-03-16","على السوم"
"ع","ع","ح","E","E","J","89","2025-03-16","على السوم"
"د","ص","م","D","X","Z","77","2025-03-16","23000"
"و","و","ع","U","U","E","633","2025-03-16","10500"
"م","ن","ى","Z","N","V","253","2025-03-16","على السوم"
"ن","و","ع","N","U","E","797","2025-03-16","على السوم"
"هـ","ن","ى","H","N","V","369","2025-03-16","على السوم"
"ن","ب","ك","N","B","K","3","2025-03-16","على السوم"
"أ","و","أ","A","U","A","5000","2025-03-16","على السوم"
"ى","ر","ر","V","R","R","76","2025-03-16","على السوم"
"ح","ب","د","J","B","D","777","2025-03-16","20000"
"ق","ق","ق","G","G","G","38","2025-03-16","170000"
"ق","م","س","G","Z","S","666","2025-03-16","27000"
"ب","ط","ى","B","T","V","6","2025-03-16","22500"
"ك","ن","ك","K","N","K","5","2025-03-16","على السوم"
"ر","ح","ع","R","J","E","8071","2025-03-16","على السوم"
"ح","ل","م","J","L","Z","1223","2025-03-16","6000"
"أ","ن","س","A","N","S","2417","2025-03-16","على السوم"
"م","ل","ك","Z","L","K","179","2025-03-16","28500"
"م","ى","م","Z","V","Z","622","2025-03-16","على السوم"
"ب","ر","ق","B","R","G","566","2025-03-16","17000"
"ح","أ","ر","J","A","R","9966","2025-03-16","7000"
"م","هـ","ع","Z","H","E","400","2025-03-16","10000"
"ر","م","ح","R","Z","J","1329","2025-03-16","على السوم"
"ق","ق","ق","G","G","G","932","2025-03-16","25000"
"س","ك","ك","S","K","K","78","2025-03-16","على السوم"
"ن","ق","هـ","N","G","H","18","2025-03-16","على السوم"
"ر","م","ب","R","Z","B","12","2025-03-16","15000"
"ص","هـ","ب","X","H","B","966","2025-03-16","على السوم"
"هـ","ص","ر","H","X","R","44","2025-03-16","على السوم"
"و","س","أ","U","S","A","29","2025-03-16","على السوم"
"د","و","ل","D","U","L","6361","2025-03-16","على السوم"
"ك","ب","ن","K","B","N","28","2025-03-16","على السوم"
"ك","ك","د","K","K","D","78","2025-03-16","22500"
"ح","ى","ن","J","V","N","5155","2025-03-16","على السوم"
"ص","ص","ق","X","X","G","395","2025-03-16","على السوم"
"ح","و","ر","J","U","R","1924","2025-03-15","على السوم"
"و","و","ب","U","U","B","11","2025-03-15","60000"
"و","ص","ى","U","X","V","402","2025-03-15","على السوم"
"ب","س","و","B","S","U","9996","2025-03-15","على السوم"
"أ","ك","هـ","A","K","H","1234","2025-03-15","على السوم"
"ن","هـ","ى","N","H","V","58","2025-03-15","على السوم"
"ب","ر","ق","B","R","G","3428","2025-03-15","على السوم"
"أ","م","ل","A","Z","L","2898","2025-03-15","على السوم"
"د","ح","م","D","J","Z","8857","2025-03-15","على السوم"
"ع","ط","ر","E","T","R","86","2025-03-15","65000"
"ر","ب","م","R","B","Z","4444","2025-03-15","23000"
"ص","ص","ق","X","X","G","395","2025-03-15","على السوم"
"ر","هـ","ط","R","H","T","1407","2025-03-15","على السوم"
"س","ق","ق","S","G","G","77","2025-03-15","على السوم"
"ب","د","ر","B","D","R","305","2025-03-15","على السوم"
"ب","ب","ى","B","B","V","5500","2025-03-15","على السوم"
"ى","ح","ط","V","J","T","707","2025-03-15","15000"
"ح","ح","ح","J","J","J","410","2025-03-15","على السوم"
"م","ع","ط","Z","E","T","534","2025-03-15","4000"
"و","أ","هـ","U","A","H","46","2025-03-15","على السوم"
"ى","ك","ص","V","K","X","44","2025-03-15","على السوم"
"ر","و","س","R","U","S","5","2025-03-15","على السوم"
"ع","ق","أ","E","G","A","117","2025-03-15","18000"
"و","ق","س","U","G","S","881","2025-03-15","على السوم"
"ر","و","ق","R","U","G","600","2025-03-15","على السوم"
"ى","ط","ى","V","T","V","70","2025-03-15","23500"
"ن","هـ","ر","N","H","R","727","2025-03-15","15000"
"ص","ق","ن","X","G","N","9","2025-03-15","64000"
"ر","ك","هـ","R","K","H","4144","2025-03-15","على السوم"
"ر","م","م","R","Z","Z","7788","2025-03-15","على السوم"
"و","ص","ص","U","X","X","166","2025-03-15","على السوم"
"ر","ن","و","R","N","U","4200","2025-03-15","على السوم"
"ح","ن","و","J","N","U","8221","2025-03-15","على السوم"
"و","س","ط","U","S","T","50","2025-03-15","على السوم"
"ح","ع","د","J","E","D","344","2025-03-15","على السوم"
"ص","ع","د","X","E","D","9","2025-03-14","115000"
"هـ","هـ","هـ","H","H","H","110","2025-03-14","على السوم"
"د","ع","س","D","E","S","1178","2025-03-14","1500"
"د","ط","ب","D","T","B","3","2025-03-14","على السوم"
"ر","ص","ل","R","X","L","2","2025-03-14","120000"
"ر","ص","س","R","X","S","1155","2025-03-14","3500"
"ب","ر","و","B","R","U","29","2025-03-14","35000"
"د","ع","س","D","E","S","7676","2025-03-14","على السوم"
"ر","ن","و","R","N","U","9929","2025-03-14","12000"
"أ","س","س","A","S","S","9992","2025-03-14","15000"
"ن","ح","ب","N","J","B","320","2025-03-14","على السوم"
"ن","ح","ق","N","J","G","41","2025-03-14","10000"
"أ","ص","س","A","X","S","6666","2025-03-14","على السوم"
"أ","أ","ح","A","A","J","5555","2025-03-14","45000"
"ع","م","م","E","Z","Z","505","2025-03-14","على السوم"
"ب","ل","ر","B","L","R","13","2025-03-14","على السوم"
"ح","ح","ص","J","J","X","981","2025-03-14","على السوم"
"م","م","ص","Z","Z","X","31","2025-03-14","على السوم"
"ر","ن","د","R","N","D","1919","2025-03-14","8000"
"ر","ن","أ","R","N","A","1234","2025-03-14","10000"
"ط","ب","ر","T","B","R","60","2025-03-14","14000"
"ق","ع","ك","G","E","K","50","2025-03-14","15000"
"ك","ح","أ","K","J","A","16","2025-03-14","16000"
"ق","أ","ط","G","A","T","25","2025-03-14","25000"
"ر","و","ر","R","U","R","101","2025-03-14","على السوم"
"ع","ق","ل","E","G","L","575","2025-03-14","26000"
"م","س","ى","Z","S","V","101","2025-03-14","20000"
"ط","ص","س","T","X","S","702","2025-03-14","10000"
"ب","هـ","ب","B","H","B","8","2025-03-14","99000"
"ب","ص","ن","B","X","N","3333","2025-03-14","على السوم"
"هـ","د","ى","H","D","V","245","2025-03-14","على السوم"
"ق","ح","ط","G","J","T","505","2025-03-14","5000000"
"ر","س","ل","R","S","L","506","2025-03-14","على السوم"
"ح","م","ر","J","Z","R","47","2025-03-14","على السوم"
"ك","س","ط","K","S","T","666","2025-03-14","على السوم"
"ر","ر","ر","R","R","R","872","2025-03-14","على السوم"
"ح","ح","ب","J","J","B","7","2025-03-13","200000"
"ح","ح","ب","J","J","B","8","2025-03-13","200000"
"ص","م","م","X","Z","Z","44","2025-03-13","50000"
"د","ل","ك","D","L","K","18","2025-03-13","على السوم"
"ل","ح","م","L","J","Z","18","2025-03-13","على السوم"
"ل","ل","د","L","L","D","44","2025-03-13","50000"
"ب","ح","م","B","J","Z","2","2025-03-13","50000"
"هـ","ب","ب","H","B","B","44","2025-03-13","18000"
"ح","ر","س","J","R","S","315","2025-03-13","15000"
"س","ر","و","S","R","U","222","2025-03-13","على السوم"
"ر","ن","د","R","N","D","333","2025-03-13","على السوم"
"ح","ى","ن","J","V","N","5155","2025-03-13","3000"
"د","ص","ع","D","X","E","4440","2025-03-13","4000"
"ب","د","ر","B","D","R","109","2025-03-13","30000"
"أ","س","س","A","S","S","4606","2025-03-13","على السوم"
"ر","ن","و","R","N","U","9246","2025-03-13","3000"
"ل","ع","ل","L","E","L","182","2025-03-13","4000"
"د","ل","و","D","L","U","2","2025-03-13","على السوم"
"ن","و","ر","N","U","R","900","2025-03-13","على السوم"
"د","د","د","D","D","D","639","2025-03-13","على السوم"
"ب","ب","ب","B","B","B","2480","2025-03-13","على السوم"
"ر","ص","ص","R","X","X","511","2025-03-13","على السوم"
"هـ","ط","م","H","T","Z","14","2025-03-13","على السوم"
"ق","ص","ى","G","X","V","14","2025-03-13","على السوم"
"س","س","ع","S","S","E","19","2025-03-13","على السوم"
"ل","ص","د","L","X","D","606","2025-03-13","على السوم"
"ب","ن","ح","B","N","J","6664","2025-03-13","1500"
"ح","ب","ع","J","B","E","888","2025-03-13","17500"
"د","ل","ط","D","L","T","300","2025-03-13","على السوم"
"ب","س","ح","B","S","J","4448","2025-03-13","على السوم"
"و","ك","ر","U","K","R","59","2025-03-13","على السوم"
"ر","هـ","ب","R","H","B","3333","2025-03-13","39000"
"ر","ح","ق","R","J","G","2563","2025-03-13","على السوم"
"ب","ل","ب","B","L","B","88","2025-03-13","37000"
"ق","ح","ل","G","J","L","66","2025-03-13","على السوم"
"أ","م","ل","A","Z","L","2025","2025-03-13","على السوم"
"ل","م","هـ","L","Z","H","999","2025-03-13","100000"
"هـ","ر","ب","H","R","B","22","2025-03-13","60000"
"ح","ص","د","J","X","D","2767","2025-03-13","على السوم"
"م","و","ر","Z","U","R","123","2025-03-13","على السوم"
"د","ن","د","D","N","D","4646","2025-03-13","8500"
"ن","ن","س","N","N","S","96","2025-03-12","45000"
"م","ن","ر","Z","N","R","252","2025-03-12","على السوم"
"أ","و","س","A","U","S","4","2025-03-12","34000"
"م","ح","م","Z","J","Z","858","2025-03-12","على السوم"
"م","ى","ى","Z","V","V","222","2025-03-12","على السوم"
"ب","هـ","ى","B","H","V","76","2025-03-12","13500"
"ك","هـ","ق","K","H","G","35","2025-03-12","13500"
"ر","م","س","R","Z","S","26","2025-03-12","19000"
"ح","ى","ل","J","V","L","2006","2025-03-12","9000"
"د","ل","ع","D","L","E","7767","2025-03-12","على السوم"
"ك","ص","أ","K","X","A","222","2025-03-12","على السوم"
"أ","م","ن","A","Z","N","787","2025-03-12","على السوم"
"ل","ب","ب","L","B","B","6","2025-03-12","على السوم"
"س","هـ","ر","S","H","R","800","2025-03-12","على السوم"
"أ","م","ل","A","Z","L","2025","2025-03-12","على السوم"
"ن","ل","هـ","N","L","H","0550","2025-03-12","على السوم"
"ر","م","ر","R","Z","R","3444","2025-03-12","على السوم"
"ب","ح","ر","B","J","R","1003","2025-03-12","على السوم"
"س","ل","م","S","L","Z","776","2025-03-12","على السوم"
"م","و","ى","Z","U","V","999","2025-03-12","55000"
"ل","ع","ح","L","E","J","211","2025-03-12","على السوم"
"ب","ن","ى","B","N","V","51","2025-03-12","13000"
"ر","ب","أ","R","B","A","7731","2025-03-12","3500"
"د","ح","ك","D","J","K","2006","2025-03-12","8000"
"ص","ص","ص","X","X","X","109","2025-03-12","21500"
"و","ل","ص","U","L","X","88","2025-03-12","22000"
"س","هـ","م","S","H","Z","703","2025-03-12","20000"
"أ","و","ل","A","U","L","7843","2025-03-12","على السوم"
"ح","ى","هـ","J","V","H","6555","2025-03-12","على السوم"
"د","ع","د","D","E","D","640","2025-03-12","على السوم"
"ص","و","ك","X","U","K","69","2025-03-12","18000"
"ح","ر","ق","J","R","G","52","2025-03-11","على السوم"
"أ","س","د","A","S","D","1558","2025-03-11","على السوم"
"ب","ع","ب","B","E","B","7773","2025-03-11","على السوم"
"ر","أ","س","R","A","S","5004","2025-03-11","على السوم"
"أ","أ","هـ","A","A","H","7999","2025-03-11","على السوم"